{
  "qd_score": {
    "MMR-Elites": {
      "mean": 552.2983155266336,
      "std": 0.16264641807015323
    },
    "MAP-Elites": {
      "mean": 7468.569269771924,
      "std": 34.09498320033754
    },
    "CVT-MAP-Elites": {
      "mean": 497.5758277127471,
      "std": 0.9055973244879851
    }
  },
  "max_fitness": {
    "MMR-Elites": {
      "mean": 0.6994344453056471,
      "std": 8.962148845698126e-05
    },
    "MAP-Elites": {
      "mean": 0.6987042233620525,
      "std": 0.00038753217734732726
    },
    "CVT-MAP-Elites": {
      "mean": 0.6999231739017504,
      "std": 5.142517205236619e-06
    }
  },
  "mean_pairwise_distance": {
    "MMR-Elites": {
      "mean": 1.9087235952946409,
      "std": 0.0026657618446886966
    },
    "MAP-Elites": {
      "mean": 1.7075120636946701,
      "std": 0.005813949280404351
    },
    "CVT-MAP-Elites": {
      "mean": 1.7090774998678813,
      "std": 0.011274887279675294
    }
  },
  "uniformity_cv": {
    "MMR-Elites": {
      "mean": 0.0659546611530239,
      "std": 0.0006982550954524672
    },
    "MAP-Elites": {
      "mean": 0.8323788872974172,
      "std": 0.004559527777993455
    },
    "CVT-MAP-Elites": {
      "mean": 0.41730765642325063,
      "std": 0.004081645412755769
    }
  },
  "archive_size": {
    "MMR-Elites": {
      "mean": 1000.0,
      "std": 0.0
    },
    "MAP-Elites": {
      "mean": 22825.5,
      "std": 97.5
    },
    "CVT-MAP-Elites": {
      "mean": 758.5,
      "std": 1.5
    }
  }
}