{
  "MMR-Elites": 0.8229193687438965,
  "MAP-Elites": 0.5794649124145508,
  "CVT-MAP-Elites": 0.40048766136169434,
  "Random": 0.04897737503051758
}